open_time_brasilia,open,high,low,close,volume,close_time_brasilia,quote_volume,trades
2026-01-30 00:00:00,2.13100000,2.19300000,2.12900000,2.16000000,302411.31000000,2026-01-30 00:59:59,655133.66936000,4233
2026-01-30 01:00:00,2.16000000,2.16400000,2.13100000,2.13800000,183555.96000000,2026-01-30 01:59:59,393781.44808000,2916
2026-01-30 02:00:00,2.13700000,2.16100000,2.12300000,2.12500000,121006.29000000,2026-01-30 02:59:59,258553.36880000,2247
2026-01-30 03:00:00,2.12600000,2.15600000,2.10400000,2.10900000,198048.28000000,2026-01-30 03:59:59,421195.00855000,3305
2026-01-30 04:00:00,2.10900000,2.14500000,2.10900000,2.12300000,131107.97000000,2026-01-30 04:59:59,278725.47933000,2425
2026-01-30 05:00:00,2.12200000,2.14800000,2.09500000,2.13300000,282732.17000000,2026-01-30 05:59:59,600319.00121000,4053
2026-01-30 06:00:00,2.13500000,2.15200000,2.11600000,2.12700000,147809.04000000,2026-01-30 06:59:59,314543.41905000,2650
2026-01-30 07:00:00,2.12600000,2.17400000,2.12300000,2.15700000,281258.03000000,2026-01-30 07:59:59,605425.25095000,4119
2026-01-30 08:00:00,2.15600000,2.24400000,2.14400000,2.18700000,559962.79000000,2026-01-30 08:59:59,1232416.96325000,7908
2026-01-30 09:00:00,2.18600000,2.19200000,2.11900000,2.13000000,278366.42000000,2026-01-30 09:59:59,597771.54146000,4137
2026-01-30 10:00:00,2.12800000,2.14800000,2.11200000,2.12400000,161007.91000000,2026-01-30 10:59:59,342556.49349000,2380
2026-01-30 11:00:00,2.12200000,2.17700000,2.12200000,2.13700000,211792.39000000,2026-01-30 11:59:59,455598.04722000,3247
2026-01-30 12:00:00,2.13900000,2.16300000,2.12800000,2.14200000,191724.63000000,2026-01-30 12:59:59,411527.81270000,2626
2026-01-30 13:00:00,2.14000000,2.15900000,2.11700000,2.12800000,133973.00000000,2026-01-30 13:59:59,286033.42615000,2264
2026-01-30 14:00:00,2.12900000,2.13700000,2.09400000,2.10500000,196958.10000000,2026-01-30 14:59:59,416722.12427000,2695
2026-01-30 15:00:00,2.10400000,2.13800000,2.06200000,2.13600000,319777.21000000,2026-01-30 15:59:59,671459.55029000,4831
2026-01-30 16:00:00,2.13600000,2.16600000,2.12600000,2.12600000,214394.26000000,2026-01-30 16:59:59,460273.43149000,2669
2026-01-30 17:00:00,2.12700000,2.12700000,2.07000000,2.08600000,246155.26000000,2026-01-30 17:59:59,514751.17745000,3472
2026-01-30 18:00:00,2.08700000,2.11300000,2.07600000,2.10500000,130290.34000000,2026-01-30 18:59:59,273202.35216000,2028
2026-01-30 19:00:00,2.10500000,2.11000000,2.07100000,2.07900000,155457.49000000,2026-01-30 19:59:59,323979.39724000,2071
2026-01-30 20:00:00,2.07900000,2.08500000,2.06900000,2.08300000,120799.58000000,2026-01-30 20:59:59,250960.44805000,1740
2026-01-30 21:00:00,2.08100000,2.08100000,1.95400000,1.97100000,664272.89000000,2026-01-30 21:59:59,1323838.43868000,7865
2026-01-30 22:00:00,1.97100000,1.97400000,1.94100000,1.95600000,241461.07000000,2026-01-30 22:59:59,473141.36689000,3036
2026-01-30 23:00:00,1.95700000,1.96000000,1.92000000,1.93200000,304809.86000000,2026-01-30 23:59:59,589483.58741000,3506
2026-01-31 00:00:00,1.93200000,1.97200000,1.92500000,1.94800000,420617.16000000,2026-01-31 00:59:59,817761.12784000,4441
2026-01-31 01:00:00,1.94800000,1.96100000,1.91700000,1.94000000,170069.99000000,2026-01-31 01:59:59,329568.83918000,1732
2026-01-31 02:00:00,1.94100000,1.95400000,1.92600000,1.95400000,89456.46000000,2026-01-31 02:59:59,173719.67891000,1349
2026-01-31 03:00:00,1.95400000,1.96000000,1.92200000,1.92500000,89580.83000000,2026-01-31 03:59:59,173480.69776000,1352
2026-01-31 04:00:00,1.92600000,1.93600000,1.91300000,1.92500000,89501.95000000,2026-01-31 04:59:59,172390.19657000,1438
2026-01-31 05:00:00,1.92400000,1.92400000,1.89300000,1.91700000,320308.07000000,2026-01-31 05:59:59,610554.67270000,4228
2026-01-31 06:00:00,1.91700000,1.92500000,1.89400000,1.89800000,131259.13000000,2026-01-31 06:59:59,250581.68522000,2012
2026-01-31 07:00:00,1.90000000,1.94400000,1.89900000,1.92500000,153215.79000000,2026-01-31 07:59:59,294704.02443000,3780
2026-01-31 08:00:00,1.92400000,1.92400000,1.90100000,1.91100000,112131.54000000,2026-01-31 08:59:59,214262.22437000,1490
2026-01-31 09:00:00,1.91100000,1.91800000,1.87700000,1.88100000,197727.66000000,2026-01-31 09:59:59,373737.84460000,3025
2026-01-31 10:00:00,1.88200000,1.89600000,1.85400000,1.87300000,757228.19000000,2026-01-31 10:59:59,1417514.41339000,9372
2026-01-31 11:00:00,1.87300000,1.90200000,1.81000000,1.90000000,930964.12000000,2026-01-31 11:59:59,1731620.17578000,11821
2026-01-31 12:00:00,1.90000000,1.97600000,1.89000000,1.89700000,1424710.43000000,2026-01-31 12:59:59,2739708.84601000,15246
2026-01-31 13:00:00,1.89700000,1.94500000,1.87100000,1.87700000,798323.93000000,2026-01-31 13:59:59,1523325.37065000,12402
2026-01-31 14:00:00,1.87700000,1.89500000,1.81500000,1.84200000,738323.92000000,2026-01-31 14:59:59,1375617.49422000,11192
2026-01-31 15:00:00,1.84200000,1.86600000,1.75000000,1.84400000,725316.84000000,2026-01-31 15:59:59,1318817.11128000,10871
2026-01-31 16:00:00,1.84300000,1.86900000,1.79700000,1.80000000,379031.20000000,2026-01-31 16:59:59,693098.14157000,5187
2026-01-31 17:00:00,1.80000000,1.80800000,1.76600000,1.78000000,366587.15000000,2026-01-31 17:59:59,654057.26173000,4959
2026-01-31 18:00:00,1.77900000,1.81200000,1.77600000,1.79900000,164908.02000000,2026-01-31 18:59:59,295467.15146000,2371
2026-01-31 19:00:00,1.80100000,1.83000000,1.78300000,1.82800000,472770.83000000,2026-01-31 19:59:59,853915.97779000,4630
2026-01-31 20:00:00,1.82800000,1.85100000,1.81600000,1.81800000,207974.24000000,2026-01-31 20:59:59,380944.08226000,2555
2026-01-31 21:00:00,1.81800000,1.91200000,1.79200000,1.84500000,1127341.64000000,2026-01-31 21:59:59,2082505.58981000,11313
2026-01-31 22:00:00,1.84500000,1.84700000,1.77400000,1.79100000,854468.69000000,2026-01-31 22:59:59,1546474.15419000,7392
2026-01-31 23:00:00,1.79200000,1.79900000,1.71800000,1.71900000,463133.47000000,2026-01-31 23:59:59,811500.60913000,4213
2026-02-01 00:00:00,1.71800000,1.74500000,1.71000000,1.72500000,323570.16000000,2026-02-01 00:59:59,557676.47915000,5187
2026-02-01 01:00:00,1.72600000,1.75200000,1.69400000,1.70200000,407380.66000000,2026-02-01 01:59:59,698551.16881000,5071
2026-02-01 02:00:00,1.70200000,1.70600000,1.65800000,1.66300000,403627.71000000,2026-02-01 02:59:59,678335.29986000,4107
2026-02-01 03:00:00,1.66400000,1.67900000,1.64600000,1.66300000,420303.21000000,2026-02-01 03:59:59,698108.29779000,4136
2026-02-01 04:00:00,1.66200000,1.73000000,1.65700000,1.70700000,422824.58000000,2026-02-01 04:59:59,718265.62689000,4161
2026-02-01 05:00:00,1.70800000,1.73900000,1.68700000,1.71800000,461970.09000000,2026-02-01 05:59:59,790804.26168000,3784
2026-02-01 06:00:00,1.71900000,1.75600000,1.70300000,1.75200000,173067.21000000,2026-02-01 06:59:59,298147.76311000,1941
2026-02-01 07:00:00,1.75000000,1.76700000,1.71100000,1.71500000,471983.20000000,2026-02-01 07:59:59,820347.82093000,4532
2026-02-01 08:00:00,1.71600000,1.76500000,1.71100000,1.73900000,628541.86000000,2026-02-01 08:59:59,1091412.44534000,7179
2026-02-01 09:00:00,1.73900000,1.77800000,1.72300000,1.77400000,465259.67000000,2026-02-01 09:59:59,817764.09900000,5475
2026-02-01 10:00:00,1.77400000,1.86500000,1.77300000,1.79500000,1242362.92000000,2026-02-01 10:59:59,2254308.36180000,12820
2026-02-01 11:00:00,1.79600000,1.82900000,1.75100000,1.78800000,729399.85000000,2026-02-01 11:59:59,1303429.52317000,8316
2026-02-01 12:00:00,1.78800000,1.82200000,1.75200000,1.76500000,1390650.60000000,2026-02-01 12:59:59,2484322.96820000,12670
2026-02-01 13:00:00,1.76700000,1.78200000,1.72800000,1.73100000,633520.43000000,2026-02-01 13:59:59,1107986.57584000,7480
2026-02-01 14:00:00,1.73100000,1.78700000,1.73000000,1.77500000,242278.56000000,2026-02-01 14:59:59,427987.88334000,2836
2026-02-01 15:00:00,1.77500000,1.80900000,1.76400000,1.78200000,198052.94000000,2026-02-01 15:59:59,354149.32103000,2739
2026-02-01 16:00:00,1.78200000,1.79000000,1.73700000,1.75200000,138147.88000000,2026-02-01 16:59:59,242618.32275000,1769
2026-02-01 17:00:00,1.75100000,1.77400000,1.73300000,1.75800000,102277.62000000,2026-02-01 17:59:59,179325.83800000,1409
2026-02-01 18:00:00,1.75700000,1.76100000,1.70700000,1.71800000,181806.01000000,2026-02-01 18:59:59,314076.09713000,2263
2026-02-01 19:00:00,1.72000000,1.77900000,1.71700000,1.75700000,229635.81000000,2026-02-01 19:59:59,403763.96606000,3002
2026-02-01 20:00:00,1.75500000,1.76900000,1.70200000,1.73100000,342609.13000000,2026-02-01 20:59:59,597840.05690000,5374
2026-02-01 21:00:00,1.73100000,1.75200000,1.68900000,1.70100000,520074.28000000,2026-02-01 21:59:59,892342.90632000,6082
2026-02-01 22:00:00,1.70200000,1.76200000,1.66800000,1.72900000,294886.77000000,2026-02-01 22:59:59,507211.01508000,4177
2026-02-01 23:00:00,1.72800000,1.74000000,1.69700000,1.70400000,212187.55000000,2026-02-01 23:59:59,363865.07314000,3163